{"stats":{"minecraft:crafted":{"minecraft:crafting_table":1,"minecraft:spruce_planks":24,"minecraft:stick":4,"minecraft:wooden_pickaxe":1,"minecraft:wooden_axe":1},"minecraft:picked_up":{"minecraft:crafting_table":1,"minecraft:brown_mushroom":1,"minecraft:spruce_log":6,"minecraft:mossy_cobblestone":3},"minecraft:custom":{"minecraft:time_since_rest":5403,"minecraft:play_time":5403,"minecraft:sprint_one_cm":11317,"minecraft:damage_taken":30,"minecraft:walk_one_cm":6360,"minecraft:walk_under_water_one_cm":197,"minecraft:jump":83,"minecraft:walk_on_water_one_cm":1066,"minecraft:time_since_death":5403,"minecraft:total_world_time":5403,"minecraft:fall_one_cm":687,"minecraft:interact_with_crafting_table":1,"minecraft:fly_one_cm":9224},"minecraft:used":{"minecraft:wooden_axe":1,"minecraft:mossy_cobblestone":3,"minecraft:crafting_table":1,"minecraft:wooden_pickaxe":3},"minecraft:mined":{"minecraft:brown_mushroom":1,"minecraft:mossy_cobblestone":3,"minecraft:spruce_leaves":1,"minecraft:spruce_log":6,"minecraft:crafting_table":1}},"DataVersion":3465}