{"stats":{"minecraft:crafted":{"minecraft:crafting_table":2,"minecraft:stick":16,"minecraft:spruce_planks":36,"minecraft:stone_pickaxe":1,"minecraft:wooden_pickaxe":1,"minecraft:wooden_axe":1},"minecraft:picked_up":{"minecraft:wooden_axe":1,"minecraft:crafting_table":3,"minecraft:coarse_dirt":2,"minecraft:salmon":5,"minecraft:brown_mushroom":2,"minecraft:wooden_pickaxe":1,"minecraft:sand":12,"minecraft:spruce_sapling":4,"minecraft:spruce_log":9,"minecraft:dirt":39,"minecraft:mossy_cobblestone":3,"minecraft:rotten_flesh":2,"minecraft:bow":2,"minecraft:wheat_seeds":1,"minecraft:spruce_planks":12,"minecraft:coal":8,"minecraft:cobblestone":22},"minecraft:dropped":{"minecraft:rotten_flesh":2},"minecraft:custom":{"minecraft:time_since_rest":11762,"minecraft:sprint_one_cm":36665,"minecraft:damage_taken":395,"minecraft:walk_one_cm":24010,"minecraft:mob_kills":8,"minecraft:drop":2,"minecraft:damage_dealt":822,"minecraft:swim_one_cm":25397,"minecraft:interact_with_crafting_table":2,"minecraft:fly_one_cm":34135,"minecraft:crouch_one_cm":472,"minecraft:play_time":21935,"minecraft:deaths":1,"minecraft:sneak_time":413,"minecraft:walk_under_water_one_cm":4962,"minecraft:jump":322,"minecraft:leave_game":1,"minecraft:time_since_death":11726,"minecraft:walk_on_water_one_cm":40006,"minecraft:total_world_time":21935,"minecraft:fall_one_cm":7540},"minecraft:broken":{"minecraft:wooden_axe":1},"minecraft:killed_by":{"minecraft:creeper":1},"minecraft:used":{"minecraft:wooden_axe":34,"minecraft:stone_pickaxe":27,"minecraft:wooden_pickaxe":7,"minecraft:brown_mushroom":1,"minecraft:mossy_cobblestone":3,"minecraft:sand":12,"minecraft:crafting_table":2},"minecraft:mined":{"minecraft:coarse_dirt":1,"minecraft:brown_mushroom":1,"minecraft:mossy_cobblestone":3,"minecraft:spruce_log":8,"minecraft:crafting_table":2,"minecraft:grass_block":1,"minecraft:coal_ore":8,"minecraft:dead_bush":1,"minecraft:sand":4,"minecraft:dirt":1,"minecraft:spruce_leaves":12,"minecraft:stone":22,"minecraft:fern":2},"minecraft:killed":{"minecraft:skeleton":1,"minecraft:zombie_villager":1,"minecraft:salmon":6}},"DataVersion":3465}