{"stats":{"minecraft:picked_up":{"minecraft:rotten_flesh":2,"minecraft:brown_mushroom":13,"minecraft:spruce_sapling":1,"minecraft:poppy":2,"minecraft:dirt":8},"minecraft:custom":{"minecraft:time_since_rest":4834,"minecraft:damage_taken":400,"minecraft:crouch_one_cm":38,"minecraft:play_time":5707,"minecraft:sprint_one_cm":14111,"minecraft:deaths":1,"minecraft:walk_one_cm":5310,"minecraft:sneak_time":4,"minecraft:jump":70,"minecraft:leave_game":1,"minecraft:time_since_death":4689,"minecraft:total_world_time":5707,"minecraft:fall_one_cm":4141,"minecraft:fly_one_cm":8090},"minecraft:used":{"minecraft:dirt":4},"minecraft:mined":{"minecraft:podzol":1,"minecraft:grass":1,"minecraft:grass_block":1,"minecraft:poppy":2,"minecraft:brown_mushroom":13,"minecraft:dirt":5,"minecraft:spruce_leaves":5,"minecraft:fern":5}},"DataVersion":3465}